{
  "build": {
    "beforeDevCommand": "yarn dev",
    "beforeBuildCommand": "yarn build",
    "devPath": "http://localhost:1420",
    "distDir": "../dist"
  },
  "package": {
    "productName": "syslink",
    "version": "0.0.0"
  },
  "tauri": {
    "allowlist": {
      "all": false,
      "shell": {
        "all": false,
        "open": true
      },
      "dialog": {
        "open": true
      }
    },
    "windows": [
      {
        "title": "软/硬链接管理工具",
        "minWidth": 810,
        "minHeight": 600
      }
    ],
    "security": {
      "csp": null
    },
    "bundle": {
      "active": true,
      "targets": "all",
      "identifier": "com.ayazuki.syslink",
      "icon": [
        "icons/32x32.png",
        "icons/128x128.png",
        "icons/128x128@2x.png",
        "icons/icon.icns",
        "icons/icon.ico"
      ]
    }
  }
}
